{
    "max_open_trades": 5,
    "stake_currency": "USDT",
    "stake_amount": "unlimited",
    "amend_last_stake_amount": true,
    "tradable_balance_ratio": 0.98,
    "fiat_display_currency": "USD",
    "timeframe": "1d",
    "dry_run": true,
    "dry_run_wallet": 1000,
    "cancel_open_orders_on_exit": false,
    "unfilledtimeout": {
        "entry": 10,
        "exit": 30,
        "exit_timeout_count": 0,
        "unit": "minutes"
    },
    "entry_pricing": {
        "price_side": "same",
        "use_order_book": false,
        "order_book_top": 1,
        "price_last_balance": 0.0,
        "check_depth_of_market": {
            "enabled": false,
            "bids_to_ask_delta": 1
        }
    },
    "exit_pricing": {
        "price_side": "same",
        "use_order_book": false,
        "order_book_top": 1
    },
    "order_types": {
    	"entry": "limit",
	"exit": "limit",
    	"emergency_exit": "market",
    	"force_entry": "market",
    	"force_exit": "market",
    	"stoploss": "market",
    	"stoploss_on_exchange": false,
    	"stoploss_on_exchange_interval": 60
    },
    "exchange": {
        "name": "binance",
        "key": "vmyV9sLqsQFpx9sEkptWWOnfsMpxgkrB7FLoGIutERDe959PDsas1zsnFmQyVqtz",
        "secret": "D6EOlZQk95dVRHtgKOMsnUgcvhoOOEAD25q8zVsAqNNIt8EHQmQ1X95B08W8KfbB",
        "ccxt_config": {
            "enableRatelimit": true
        },
        "ccxt_async_config": {
            "enableRatelimit": true,
            "rateLimit": 200
        },
        "pair_whitelist": [
		"BTC/USDT",
		"ETH/USDT",
		"BUSD/USDT",
		"USDC/USDT",
		"SOL/USDT",
		"LUNA/USDT",
		"DOGE/USDT",
		"BNB/USDT",
		"XRP/USDT",
		"GMT/USDT",
		"ANC/USDT",
		"TRX/USDT",
		"APE/USDT",
		"MATIC/USDT",
		"ADA/USDT",
		"AVAX/USDT",
		"SHIB/USDT",
		"SAND/USDT",
		"EUR/USDT",
		"RUNE/USDT",
		"STRAX/USDT",
		"NEAR/USDT",
		"CHZ/USDT",
		"LINK/USDT",
		"MANA/USDT",
		"DOT/USDT",
		"GALA/USDT",
		"FTM/USDT",
		"LIT/USDT",
		"USDP/USDT",
		"ATOM/USDT",
		"WAVES/USDT",
		"OGN/USDT",
		"KAVA/USDT",
		"YFII/USDT",
		"LTC/USDT",
		"UNI/USDT",
		"ETC/USDT",
		"RSR/USDT",
		"PEOPLE/USDT",
		"VET/USDT",
		"FIL/USDT",
		"RAMP/USDT",
		"SXP/USDT",
		"AXS/USDT",
		"EGLD/USDT",
		"ICP/USDT",
		"BCH/USDT",
		"ZIL/USDT",
		"MIR/USDT"

        ],
        "pair_blacklist": [
		"RUNE/USDT",
		"USDP/USDT",
		"UNI/USDT",
		"RSR/USDT",
		"PEOPLE/USDT",
		"FIL/USDT",
		"SXP/USDT",
		"ICP/USDT",
		"CHZ/USDT",
		"ZIL/USDT",
		"EUR/USDT",
		"VET/USDT",
		"OGN/USDT",
		"USDC/USDT",
		"BUSD/USDT",
		"FTM/USDT",
		"DOT/USDT",
		"SHIB/USDT",
		"WAVES/USDT",
		"KAVA/USDT",
		"RAMP/USDT",
		"NEAR/USDT",
		"LIT/USDT",
		"MIR/USDT",
		"STRAX/USDT",
		"EGLD/USDT",
		"MANA/USDT",
		"ADA/USDT",
		"AVAX/USDT"
        ]
    },
    "pairlists": [
        {
            "method": "StaticPairList"
        }
       ],
    "edge": {
        "enabled": false,
        "process_throttle_secs": 3600,
        "calculate_since_number_of_days": 7,
        "allowed_risk": 0.01,
        "stoploss_range_min": -0.01,
        "stoploss_range_max": -0.1,
        "stoploss_range_step": -0.01,
        "minimum_winrate": 0.60,
        "minimum_expectancy": 0.20,
        "min_trade_number": 10,
        "max_trade_duration_minute": 1440,
        "remove_pumps": false
    },
    "telegram": {
        "enabled": true,
        "token": "5239669948:AAGNUjvH4W0ZpQKteso-KW7vOBd7wLsOk1g",
        "chat_id": "5115301231"
    },
    "api_server": {
        "enabled": true,
        "listen_ip_address": "127.0.0.1",
        "listen_port": 8082,
        "verbosity": "error",
        "enable_openapi": false,
        "jwt_secret_key": "b0573e5ec8d07c288b482858afc97a6a5ace572415d8481edaa449b6d137465e",
        "CORS_origins": ["http://localhost:8080"],
        "username": "user",
        "password": "pass"
    },
    "bot_name": "SmaRSI_USDT_1d",
    "user_data_dir": "/home/hemir/freqtrade/user_data/",
    "strategy_path": "/home/hemir/freqtrade/user_data/",
    "strategy": "SmaRSI_USDT_1d",
    "db_url": "sqlite:////home/hemir/freqtrade/user_data/tradesv3_3.sqlite",
    "logfile": "syslog:/dev/log",
    "initial_state": "running",
    "force_entry_enable": false,
    "internals": {
            "process_throttle_secs": 5,
            "heartbeat_interval": 60,
            "sd_notify": true
    }
}
